cpu=0,cpu=20,cpu=40,cpu=60,cpu=80
-7.349,13.906,-10.214,78.99,-137.064
-22.436,-23.324,-71.384,-92.312,-49.932
1.799,-16.617,394.239,68.577,427.654
-9.668,-2.365,41.286,-70.445,-0.727
2.879,13.975,-138.366,-49.55,-48.348
102.264,-58.733,-33.423,-84.241,-87.739
-20.443,-17.998,176.721,-106.872,-90.075
-21.867,-21.944,-42.9,172.96,228.563
8.618,-64.755,-3.133,-8.525,-83.402
-15.325,-56.894,-67.223,-26.723,335.79
2.969,360.149,-54.499,-33.08,-60.15
25.387,-68.807,-33.178,-32.95,-112.113
-3.279,-24.719,-77.359,167.054,-82.001
-49.175,-76.109,-42.72,-66.851,167.97
3.712,-11.226,141.257,-108.927,-118.562
-3.028,-17.227,-39.701,-36.198,-54.339
2.199,-27.267,-6.001,23.064,-68.73
-10.45,38.322,-73.768,-57.705,155.93
0.279,-55.568,-10.927,-51.574,-77.752
3.939,-7.194,-53.707,-27.572,414.877
0.175,214.532,343.404,-51.484,-33.77
-2.185,-12.873,-69.812,42.326,-46.837
12.116,-3.47,-62.889,127.151,213.499
12.022,240.731,-72.886,-89.688,-69.125
-11.72,-28.168,377.856,-13.059,-89.72
-15.838,0.764,-35.551,-22.572,301.747
28.569,-16.054,-44.709,-85.907,-111.098
-26.71,22.765,184.949,-46.369,-78.354
-11.673,-14.96,-21.912,18.489,-81.804
3.597,0.931,-56.088,-30.016,217.614
20.348,74.688,-72.478,13.913,-27.771
113.473,10.451,-45.348,164.456,-65.132
-23.344,-17.296,-62.678,14.242,-98.914
-16.018,94.966,-114.892,-43.5,279.958
1.786,10.649,-52.318,131.345,-62.004
17.33,-12.038,-88.362,-19.11,-75.458
-37.83,11.398,-38.954,81.572,128.154
44.592,-39.287,-134.446,-18.807,-78.947
-5.073,-22.682,-68.689,-62.838,-92.056
24.034,75.35,-62.021,-64.519,-33.432
-0.77,32.036,-77.134,-14.494,-102.032
-7.744,-60.907,-55.387,-2.156,154.224
19.231,-12.13,-27.682,-5.766,-73.932
-8.758,-38.035,-47.019,-19.442,-112.19
-33.33,-31.254,-36.492,60.169,-91.436
16.874,-35.842,-53.198,58.527,55.593
-26.833,-25.949,-35.306,-43.77,-16.106
-7.91,6.14,-12.33,-24.457,-43.301
38.084,-23.683,-74.465,2.319,-97.623
5.866,1.685,-34.907,-40.407,-84.037
-66.782,-14.099,-46.113,-125.73,314.186
0.861,-12.918,-104.563,-120.367,173.338
-9.656,-8.433,-15.428,-34.634,185.197
-7.209,-18.673,289.285,24.092,-166.915
-1.213,-9.705,-39.28,199.518,-85.718
4.713,-7.019,-79.416,-72.022,82.567
44.291,3.252,-55.082,49.548,-11.046
17.478,-11.211,-31.229,-34.229,-111.517
74.482,-57.684,-74.369,-82.718,-113.036
-33.685,25.041,299.069,85.35,147.528
-24.536,20.029,-12.398,31.988,165.172
33.214,-25.879,-55.96,25.692,-89.933
27.689,-34.114,-51.972,-4.782,-90.643
-18.874,-26.692,-51.401,-60.871,-104.576
3.333,7.304,-49.109,-7.701,35.524
3.26,28.021,-95.045,-14.601,1.018
-9.115,-17.412,-64.145,294.348,-44.544
-11.196,51.972,20.307,-22.593,-14.686
61.096,18.083,397.943,-54.057,-108.516
-16.467,-4.105,-98.355,5.105,24.076
-5.606,9.302,-78.135,-59.596,-112.898
31.712,-47.636,-29.418,-10.597,-86.986
-42.735,13.76,-110.55,-42.189,-91.294
25.471,18.513,-57.13,-32.879,89.77
2.452,2.204,-9.65,-33.353,361.507
-9.034,-0.989,-93.239,-33.012,6.546
14.511,-19.92,-78.609,54.013,-82.807
7.748,-14.138,-69.548,-99.054,-105.803
-6.656,221.868,-35.814,12.57,-12.5
-20.694,-17.762,-24.787,127.023,-48.698
-6.271,29.159,-85.896,-17.934,-68.559
-3.419,13.689,-132.662,-1.032,-115.689
-1.124,54.207,5.961,159.165,-60.099
2.835,-23.519,-29.516,86.815,-91.633
-30.55,-11.439,3.263,149.896,-9.911
73.214,171.055,-53.103,60.734,-96.964
33.053,-13.874,-41.448,56.143,-2.093
-19.696,-14.64,-64.051,-6.125,-29.596
4.074,-18.541,-34.692,242.688,-77.428
0.587,28.342,-100.054,-61.328,-69.189
-2.445,-24.612,-71.809,-9.695,-118.293
-5.309,-16.37,-39.845,115.52,-68.148
-3.103,15.328,-47.603,-50.558,419.042
-14.279,-17.137,-51.379,46.269,114.007
6.804,-9.272,-67.453,-44.336,-71.28
22.925,5.919,149.035,-25.587,-42.083
-49.821,-36.509,-122.668,45.378,-92.679
14.02,9.089,-19.587,-62.458,481.62
-35.977,-16.026,-96.063,306.959,186.088
-20.006,-10.218,-0.955,-64.176,-55.074
-12.842,207.875,-31.941,65.037,-32.795
-4.553,11.768,109.062,74.151,-41.831
-23.71,-31.016,-57.629,-118.765,-63.197
-17.235,40.141,-33.187,95.369,-37.31
-1.734,-12.573,-19.607,47.897,1.997
-13.756,29.489,-63.121,-1.706,372.085
10.475,106.03,-35.25,-24.296,-112.18
8.474,-10.043,-85.235,23.595,-42.223
-60.47,23.886,54.34,18.059,-88.413
-0.575,-35.852,-16.454,-59.307,62.055
-2.072,-6.358,-40.061,3.292,-24.781
-14.246,16.057,-120.029,-46.003,-56.544
40.762,-83.554,7.381,-55.733,-74.388
-23.363,-28.577,-50.241,-39.131,-109.834
2.186,-22.116,0.885,93.586,-88.896
-6.526,-25.1,-5.944,-27.102,-71.347
-13.951,120.905,-13.144,-40.755,-99.349
-3.392,-21.389,23.854,3.277,-70.713
28.484,60.204,11.245,-64.321,36.025
-2.009,-28.433,224.82,142.417,131.743
-7.643,-54.057,-13.717,-7.925,-57.389
23.107,13.055,-81.477,-72.863,-26.071
8.355,8.053,296.544,67.993,-36.778
-3.555,-6.307,-43.371,4.014,-43.837
26.51,12.071,-43.343,-15.205,-50.948
-19.045,-15.43,-46.435,-72.876,30.307
1.261,-63.725,-5.295,41.461,103.05
28.694,30.852,175.561,-29.459,-1.604
-14.679,4.594,-61.247,202.464,-94.426
-16.656,13.547,-68.271,-92.118,-92.298
16.894,-35.208,285.646,-22.134,6.468
-15.531,81.007,-26.901,179.504,-2.244
-35.408,34.196,-74.156,-9.44,-76.613
-8.93,6.817,537.404,-130.395,-62.494
-23.244,-6.07,-31.125,-54.05,13.419
-8.348,-17.787,-80.712,-18.879,-25.457
-3.008,-10.057,397.447,-20.866,-7.598
2.567,-7.26,-44.118,36.82,-39.646
33.677,14.702,-144.349,-31.926,-64.252
17.194,-5.232,-133.06,40.897,49.064
2.681,-33.481,432.414,0.695,251.501
-4.644,27.7,-8.531,-96.686,-76.186
18.252,-9.334,-17.984,12.641,-50.793
-19.546,-11.481,1.027,-43.946,-65.027
-0.644,-5.546,126.094,-31.274,280.534
7.43,94.336,-56.63,-25.882,121.919
-27.74,40.297,-52.866,-14.437,159.58
-12.488,-38.438,-22.608,271.947,-2.964
-5.595,25.431,117.272,-2.647,0.059
-3.88,21.891,-28.431,-35.505,37.876
7.167,1.221,-18.549,-44.196,-60.369
-7.776,19.349,-18.089,10.842,-81.517
19.584,14.872,-38.496,-64.199,-45.709
-18.685,-23.69,-21.518,197.779,-4.077
-11.666,-81.824,-9.913,-18.306,306.905
-22.285,-72.386,-33.658,21.293,51.976
-36.754,-34.32,-42.507,-30.479,-129.658
28.822,15.007,201.7,99.611,-65.912
25.974,-19.407,-37.468,82.282,-66.434
-19.304,219.347,-32.24,-80.206,-80.64
-18.933,20.286,-19.293,53.494,-83.823
-1.513,-1.998,-41.149,-65.164,328.837
-15.498,-4.075,-39.301,198.14,251.33
-34.234,-50.65,-58.502,-83.616,188.857
49.078,-24.841,-64.107,0.699,-80.36
-3.36,-6.465,289.248,-51.883,-48.514
7.293,-67.577,-29.298,-84.534,-3.031
-36.763,-106.534,-92.957,40.24,-82.221
-119.056,4.343,-77.598,-74.884,-88.026
7.077,-29.285,-93.447,-97.997,-73.921
-9.175,-38.516,-12.142,-114.003,-53.481
-11.944,-6.225,-41.006,2.883,566.933
-17.036,-0.801,-31.098,23.754,126.567
41.894,-32.813,-7.738,22.84,-96.739
-16.741,99.507,-30.726,139.505,-69.356
-8.702,2.637,107.558,-42.366,-122.093
18.15,53.708,-6.602,-2.795,-13.955
-28.531,-32.532,48.876,61.07,-65.955
-6.216,-33.486,-47.712,-24.568,-26.755
-38.336,22.215,63.342,76.261,90.64
4.186,-29.062,-66.109,-45.651,-47.012
7.511,-0.967,-31.421,-10.093,348.884
1.69,24.369,310.924,190.474,142.024
-4.656,-15.649,-101.619,5.412,-72.149
-12.132,13.419,-18.244,-84.257,188.438
28.725,4.419,229.467,-15.015,-90.043
-1.005,-27.804,-51.415,45.167,-86.679
2.673,-20.769,-20.604,-72.217,-49.899
-13.331,-9.634,-91.336,-13.671,25.516
-12.989,18.72,685.972,97.471,12.629
-1.502,-65.861,-87.198,35.181,34.929
-17.526,-5.823,-19.22,-77.502,-47.847
27.734,-27.91,255.407,9.285,-30.741
18.783,29.856,-32.807,84.064,1.641
57.527,-3.03,-108.946,-26.037,-34.384
-1.59,8.156,-50.437,23.089,25.994
-17.643,111.575,222.022,252.141,224.415
5.817,42.324,19.151,7.665,-30.69
-13.182,-28.089,-21.547,-53.249,-70.641
-17.748,-18.343,-68.077,21.517,6.163
30.096,11.887,-47.667,-32.312,-20.039
-16.401,14.688,-35.986,-29.033,-51.52
-27.62,-27.484,-26.892,182.275,-26.479
-3.546,1.3,-48.753,142.778,11.818
6.141,119.654,-35.649,-92.08,25.931
26.04,32.255,-9.028,-15.072,75.522
49.166,-4.528,189.487,-72.661,116.681
3.71,-13.714,-34.296,-37.699,-76.687
-11.048,-28.347,-33.595,-67.51,-72.433
-11.7,-7.355,623.055,-15.372,31.173
-9.66,-28.512,-43.538,-16.698,-27.733
-2.893,-27.182,-91.308,-32.695,10.188
38.236,-20.463,-43.509,62.706,-30.592
-10.308,0.041,-32.487,-21.619,-61.567
-12.299,-6.398,57.974,2.862,326.885
-5.256,-12.333,347.794,60.442,201.671
15.179,2.877,-52.339,28.336,174.434
4.105,-28.59,-36.513,-31.575,-47.369
30.857,-2.407,-26.172,20.239,-54.294
-1.953,-15.934,237.347,-33.927,-41.806
78.767,-54.204,-102.155,-30.784,-17.481
-31.158,-10.831,-103.244,-6.803,-28.557
26.092,-20.215,349.562,-2.143,-80.635
-14.992,-34.436,-23.357,121.436,-99.681
-38.528,-14.649,-41.895,-23.965,-87.257
13.046,-23.901,-65.194,-40.601,24.587
-15.435,-13.153,-31.323,239.509,-90.195
-4.303,-20.911,-58.456,-124.414,-63.295
-8.365,-18.101,-60.312,112.115,-22.746
1.891,-28.532,-101.703,-9.498,-38.455
-6.164,-11.772,-77.652,-80.281,-76.788
8.251,-25.046,-46.694,102.825,-35.596
-17.049,-18.911,-16.843,-116.092,-60.238
-10.337,-21.515,316.319,17.568,187.845
-10.601,-59.49,-19.03,-19.078,28.11
4.111,-57.305,-120.857,40.103,-42.067
-22.123,24.313,-19.054,215.959,-98.622
1.05,47.765,15.947,-78.245,-51.283
-0.836,35.581,-44.3,-12.87,-98.14
66.065,-34.644,-68.196,-123.563,-89.849
17.638,-29.678,-2.208,49.943,-6.578
-9.481,17.007,-108.255,-15.702,-93.854
-2.586,-30.353,-86.826,7.984,-46.328
-8.536,7.982,-12.537,-13.051,180.433
25.59,-5.968,-71.115,-25.4,48.773
-18.796,-13.888,-26.329,-28.138,-25.389
84.156,56.782,-4.466,30.333,-76.84
25.577,13.542,38.265,-0.538,-206.499
2.067,10.676,-37.393,-68.879,-187.854
14.551,-40.588,120.044,-59.607,-69.214
-7.178,-1.155,42.359,-82.173,-28.071
-15.254,-19.219,-64.352,-37.539,-114.024
-1.399,-25.142,640.564,-31.386,-2.917
-34.337,16.42,-72.808,-24.032,76.091
-7.455,-10.521,-65.048,15.338,44.079
-7.807,-39.814,261.015,1.154,-56.774
10.485,0.634,-35.973,-30.416,-35.892
8.557,-56.941,-71.556,29.344,-28.931
1.229,-35.864,191.015,-96.715,-29.999
12.701,27.349,-70.96,81.954,-97.093
15.372,24.848,-48.418,-65.347,-80.179
40.21,-38.408,271.607,43.313,-17.352
-27.745,-2.047,-22.864,-10.221,68.41
8.041,-38.68,-7.225,87.158,26.263
-12.268,-14.678,-107.945,-62.988,92.082
12.342,-7.415,-90.676,-31.114,-31.109
-23.355,139.899,-19.019,225.687,-53.775
34.95,4.651,-43.752,-54.265,-41.214
23.839,-23.725,-59.883,-29.006,-0.184
15.169,-5.929,-25.375,-67.114,442.579
31.412,253.324,-90.772,2.731,206.871
-11.809,-52.579,-83.783,-83.455,-59.536
27.314,25.502,-55.396,-76.098,-115.956
61.291,-43.673,-58.064,-43.239,-69.404
-5.694,-14.977,-58.705,-91.371,-89.242
-10.843,-11.274,-80.299,105.286,-53.067
-7.692,-31.995,-112.49,-16.891,5.491
10.904,3.902,-78.433,8.263,-58.821
3.461,5.333,-76.366,-26.112,-37.455
7.859,-3.254,173.742,-56.805,134.317
-0.619,64.93,-120.017,25.357,-6.166
9.947,-17.428,-61.255,94.146,36.609
18.63,-25.067,-35.006,-39.448,-10.494
16.074,24.267,-29.274,-66.712,-39.997
6.921,131.576,-46.866,64.351,51.047
16.019,8.342,113.717,73.325,-15.97
-28.399,-14.977,474.689,-84.427,-38.055
16.662,-31.606,-60.467,273.058,145.9
-0.535,44.796,-47.275,-34.609,17.764
10.863,-25.164,65.446,-20.972,210.19
-23.937,-0.394,-33.883,5.079,-24.684
-14.482,26.42,-30.223,-24.309,-39.507
44.471,18.654,208.768,9.778,-92.628
14.667,-30.474,-2.199,34.637,-54.937
-11.04,-41.076,-80.135,-0.005,-63.893
3.244,-13.924,-51.134,-19.444,-12.666
-24.546,14.733,-63.055,-15.903,-96.963
10.818,-27.446,-11.324,-21.674,-49.166
-47.99,-13.235,-55.314,-47.093,12.052
-1.919,-30.281,307.593,-51.771,72.712
-28.311,-21.237,-12.582,-10.873,-46.208
-8.577,-22.71,-66.851,-90.752,-59.961
-12.861,-7.71,-60.001,69,-29.567
0.687,11.734,-22.987,-9.876,-0.751
-1.895,-3.357,-38.769,129.118,81.389
12.526,-20.486,-126.914,-45.878,204.712
13.867,17.751,-63.046,-10.028,81.038
5.87,5.849,-45.804,-64.982,-131.401
4.553,-9.422,-30.453,28.124,-76.804
8.04,-89.881,-7.55,-53.528,-43.834
-31.681,-15.267,-75.282,45.168,-70.884
35.06,-32.419,-104.784,-24.291,11.251
17.962,38.756,533.633,-14.498,20.642
-18.337,9.543,-15.201,7.518,-32.236
36.237,15.119,-79.977,-40.049,22.65
-13.19,-2.69,-88.918,18.486,122.122
-19.348,0.653,-4.288,-4.969,-43.962
1.929,6.613,-22.864,104.042,-40.69
-5.664,-15.988,-68.18,-41.47,-59.6
-12.003,50.034,-27.657,13.601,163.25
6.033,-29.616,-11.652,-36.48,398.814
16.726,-112.385,85.555,138.014,-22.883
-83.065,29.428,6.029,-103.347,29.132
33.698,-15.938,-32.125,-63.634,-26.621
9.46,20.852,292.648,-25.161,195.209
-17.414,94.351,-9.365,-11.586,-68.392
2.29,-10.224,-44.009,-65.559,-84.21
58.063,-5.617,-60.59,196.225,-88.056
-1.851,12.703,-66.496,-20.252,-54.844
-18.349,-18.263,-16.944,-63.015,1.808
-21.756,-22.94,-159.973,-96.257,68.471
-13.446,1.52,-65.522,35.186,81.9
-18.151,102.136,-45.261,205.128,-45.213
38.394,14.39,-48.654,-49.146,1.192
-22.846,-15.606,-5.784,-29.557,-29.832
17.944,-9.919,-89.213,85.3,-14.499
-10.832,-3.842,-7.125,122.382,-61.169
-8.792,34.922,32.57,-93.203,-19.413
4.849,18.92,22.021,1.474,-66.77
-0.225,-1.407,-38.293,-70.678,-3.652
4.835,0.993,-38.723,-89.61,2.529
21.575,-37.722,-26.02,107.924,-46.579
-2.378,-0.47,19.223,30.257,-5.998
-24.985,108.114,-39.938,-43.515,-41.381
-15.335,186.227,429.641,-24.331,8.691
8.982,-28.879,3.701,-77.97,-24.918
-25.965,-9.018,-40.504,0.933,84.859
19.434,18.479,199.133,0.426,10.761
1.554,0.545,11.973,-24.007,-78.965
-4.739,-0.4,-53.285,-27.213,-43.624
1.871,18.948,-63.378,-40.751,-68.012
-14.426,22.319,-38.805,-50.256,-36.107
49.099,30.303,-97.062,1.868,660.79
9.717,-31.197,-62.459,-63.005,120.938
116.36,-36.926,-87.485,26.261,-44.479
0.496,3.28,-49.279,-77.943,-48.837
-14.746,62.766,-22.15,-16.038,-61.426
-25.744,-26.238,-88.875,-34.287,-67.368
-32.559,22.436,-62.928,-109.326,-91.4
9.207,-4.314,-90.467,202.135,-36.3
45.451,-12.118,-68.281,36.007,-81.33
15.68,-3.867,-88.879,-35.162,-69.742
-27.756,21.031,-129.833,-24.461,-32.579
8.069,1.371,-41.052,207.558,209.628
7.464,104.442,-42.413,142.29,-17.682
50.453,-40.127,-106.852,-11.311,-32.889
2.527,-35.383,-17.173,-80.227,-24.87
1.176,-43.276,-30.422,19.828,-100.807
-6.481,31.442,-71.596,-55.131,2.278
15.994,78.657,-2.129,-76.192,12.765
11.621,15.876,-76.744,147.755,-42.535
-5.864,-18.686,-45.215,-61.753,10.396
-14.029,-2.319,358.708,-43.333,-48.843
-6.019,1.594,-57.095,-60.392,-58.441
23.19,21.451,-51.495,135.034,33.713
-7.098,-24.784,-77.616,-101.796,184.932
-18.415,2.221,480.44,-14.424,469.451
32.505,-18.851,-72.123,-38.511,-74.107
-1.415,24.988,-127.136,-74.428,-20.862
-24.869,58.198,280.751,-21.484,-22.73
21.939,1.173,8.302,-12.309,-51.123
86.171,-20.576,-76.765,-4.614,-85.925
-37.972,-37.337,423.227,-39.252,-35.942
13.891,0.183,-16.536,88.996,-84.817
-16.275,24.133,-49.067,161.714,-63.735
0.215,-31.05,-50.604,-97.643,248.146
-8.321,31.006,-18.769,78.856,413.141
-20.194,-4.753,-70.279,-9.297,-109.452
-9.652,203.691,-30.552,-53.29,-56.304
-21.837,15.604,-88.299,-50.871,-31.604
31.719,-0.008,-14.006,-37.167,-94.629
-17.896,-19.198,3.28,-37.59,-30.293
15.369,80.641,-13.454,232.156,-24.814
12.745,7.729,-32.995,-89.676,-114.474
-14.217,-37.352,-21.09,-45.686,16.581
31.116,-44.112,-72.474,-47.783,2.983
32.379,-14.161,-43.2,-85.868,-32.064
-11.999,29.407,25.082,-33.82,166.965
-2.628,63.378,-40.685,-29.017,220.716
33.814,2.473,-46.898,8.159,344.621
-21.285,-31.027,-15.67,-35.324,109.647
27.843,-20.111,-108.41,-46.848,-99.614
32.07,112.489,-33.957,-58.019,-33.42
-18.763,-9.618,544.795,87.805,-14.018
-8.021,-19.068,-42.905,-22.689,-16.428
10.344,24.661,177.188,-73.846,-139.143
-39.815,6.55,-29.889,-119.634,-60.275
-112.847,-31.888,-28.58,3.936,-37.68
120.689,40.922,-89.066,-96.739,-0.116
0.789,-26.06,-44.077,39.02,29.806
-7.911,-19.809,-39.397,9.932,460.027
5.878,16.497,-78.693,-7.522,-37.387
-3.207,53.707,-20.648,33.144,-23.798
-10.694,24.31,-70.197,24.198,-59.336
-0.277,5.213,-129.8,-8.736,-92.457
-13.353,-15.708,-76.602,19.896,-106.236
-12.213,8.924,-57.135,-22.148,-156.094
-61.606,-13.409,-52.218,-34.95,53.731
-11.003,88.636,-35.365,76.999,1.541
-7.255,-11.305,-86.341,16.124,105.107
19.553,10.186,-52.485,21.177,-80.222
5.4,0.943,57.365,5.779,106.795
26.571,-21.353,-15.684,-24.033,-52.47
27.566,-21.909,-84.081,-15.394,-40.046
-5.655,-31.442,-20.128,17.256,-51.379
33.001,-4.351,-45.232,-0.407,81.873
-9.426,-15.375,-7.796,12.52,-58.369
1.971,2.463,-26.218,-32.885,-4.558
16.399,-26.017,-75.505,-61.805,-77.1
-26.14,1.995,-55.071,67.436,-48.859
-28.453,-22.254,-99.994,-22.777,-6.256
-0.926,-26.138,-74.67,-84.162,-29.573
-2.326,-7.201,-40.494,-53.271,5.17
8.914,-34.074,-50.84,66.61,19.353
-20.721,12.56,23.251,-44.322,9.168
75.793,1.352,228.258,-35.168,-46.527
15.968,25.209,-36.903,-27.155,-11.252
10.627,6.326,-55.088,204.041,-3.515
13.126,-1.625,348.74,-22.7,-11.498
24.711,21.477,-8.687,109.925,126.737
39.909,40.346,-87.614,42.526,8.941
-21.093,-32.08,-25.348,14.975,-31.051
36.326,-29.033,-73.116,-64.328,30.583
29.453,-19.72,-18.729,-67.673,41.698
-22.652,-44.74,-24.972,31.961,-44.76
-12.623,-9.838,78.379,133.837,-21.62
-1.151,-10.349,1.762,-49.688,-31.624
-10.52,-36.306,-12.699,-66.85,130.33
-15.852,-27.748,-8.205,28.628,244.928
-14.532,-29.188,-67.006,-35.431,-99.733
-3.532,-24.051,-22.613,-14.263,-152.149
8.82,-13.46,-23.929,-2.494,-56.907
14.766,-36.407,-18.712,-132.076,57.891
-32.101,-8.986,-29.841,-77.184,20.665
-26.013,-50.195,-54.508,61.172,-16.577
4.589,43.053,-92.686,-33.067,-81.067
-16.338,-11.417,82.969,-5.246,393.376
-20.081,9.278,-77.683,-13.512,-40.561
33.665,148.707,-63.414,-58,-6.455
-5.091,-16.408,667.376,-32.936,-12.778
0.301,46.337,-86.097,-37.307,-9.218
1.675,-4.606,-57.63,65.466,-112.278
48.515,26.357,149.12,-21.242,-17.263
-8.074,38.854,3.626,7.433,-50.819
-13.387,-23.059,-50.08,-68.833,-91.113
7.645,30.023,4.774,15.987,-9.571
0.219,-17.563,-84.759,-22.302,-19.065
-34.195,-22.755,-60.656,-57.057,-43.819
-23.059,-16.415,-30.189,8.75,-101.71
-6.289,-2.409,-86.69,138.693,-27.242
-20.199,15.83,47.805,-7.596,258.449
-11.249,-59.594,7.469,-28.754,-38.028
14.926,-14.784,36.585,-3.67,121.552
-20.825,-12.422,-47.577,36.792,-31.404
7.514,-36.38,-47.966,-84.815,-45.568
1.507,15.944,-10.94,161.224,-85.597
-13.292,-71.844,-88.2,-107.404,-36.527
-22.651,-7.689,192.884,-30.578,-66.24
60.133,63.821,57.522,62.236,133.744
-58.265,-56.468,-32.577,-24.241,-56.094
-20.957,0.01,76.56,4.602,-46.177
-0.915,131.158,-6.576,-18.135,-61.776
-6.203,-19.363,-25.474,-41.78,108.569
-3.579,-39.667,-74.313,308.418,204.979
33.548,-0.339,-119.132,-17.904,299.264
-14.169,-26.817,-65.606,-52.395,-48.064
-9.401,-25.666,-33.253,-43.186,42.651
30.275,-25.68,-97.225,47.987,-17.948
2.87,-29.621,0.204,-79.813,-94.331
-56.676,-21.858,-34.846,6.752,-74.216
0.869,-39.645,-57.619,-35.664,-116.125
24.991,-19.523,-9.026,65.585,-81.95
2.566,31.255,4.153,-73.447,72.585
-11.681,7.916,-86.595,-30.423,-38.925
0.974,-25.742,-118.546,88.696,16.079
-15.318,-0.041,-74.541,-116.949,125.83
-8.08,-34.115,-75.378,-1.876,-70.154
-1.415,-16.524,-66.027,-5.795,-18.135
39.932,-28.307,-72.479,81.188,-41.999
-2.44,-23.945,44.946,62.429,-35.584
9.257,-73.019,19.442,166.959,-51.16
-42.345,3.889,-44.662,-23.388,6.204
33.372,18.262,236.943,228.289,-60.148
-24.386,-2.981,15.414,-59.16,-38.446
-24.601,13.714,-30.382,-67.612,-68.279
10.272,-14.897,-40.018,137.155,-70.494
-4.801,-23.82,-17.947,-89.186,-75.507
-8.006,-28.339,-21.078,-108.758,64.068
8.974,78.04,242.234,289.878,-73.152
-16.168,150.431,-68.865,-90.607,-35.621
-5.337,10.208,-48.333,2.895,78.504
15.881,15.844,-31.464,14.039,46.898
-6.989,-25.617,43.127,128.88,-19.687
-6.743,8.48,-3.587,-56.472,30.009
-5.212,-31.23,-3.554,38.264,98.218
49.542,-36.638,-66.481,67.06,38.319
24.935,-39.234,-66.451,-1.158,-21.92
-0.549,64.263,296.144,-15.152,-74.711
-17,17.49,-6.075,125.127,-86.796
-4.601,7.775,21.214,-31.776,-70.716
50.298,-48.26,-114.148,-48.84,-102.056
-14.032,13.396,257.862,-21.513,34.112
-13.242,-10.956,22.255,-36.639,10.868
74.535,-19.809,-48.45,-45.857,25.32
-24.427,-39.333,-72.805,-149.498,18.827
-3.967,-9.845,393.819,-68.845,4.115
4.994,3.723,-20.462,-110.89,-98.393
5.946,-0.787,-84.855,-65.098,71.828
-4.261,4.628,-20.041,28.401,-43.116
7.151,24.757,-69.651,160.477,-49.426
-12.932,25.831,-16.168,144.053,144.74
-14.079,33.461,-16.463,-47.366,-36.038
-1.892,2.009,198.213,-29.759,10.11
-12.987,102.374,-32.725,-68.718,-6.685
-20.485,-15.349,9.834,24.099,-8.219
44.566,-6.298,464.575,-76.785,-107.302
-15.531,-36.842,10.077,-65.6,-21.581
-17.28,-12.925,-24.189,-122.226,-42.415
42.018,18.692,-87.599,58.879,-82.365
-34.779,192.382,362.644,-43.567,-56.064
-15.42,13.308,-52.615,234.335,-95.789
-11.05,-36.154,-48.777,-13.17,-14.39
5.736,-18.906,-61.993,-64.814,-74.644
-19.899,60.737,-67.243,190.765,-110.157
-12.967,-48.729,-40.212,-51.494,-99.268
19.346,-34.688,-67.257,110.65,-27.808
-7.977,35.299,-36.633,-107.24,-17.705
-0.446,24.122,-10.902,-52.047,-66.074
-35.727,-23.952,177.123,-40.567,-31.493
59.77,-35.446,-27.462,-0.539,24.406
9.528,-8.215,-53.826,-25.135,40.035
-23.281,-9.667,156.301,-59.073,-49.378
-4.019,115.748,-25.157,-39.14,-33.062
33.505,5.984,-39.949,-13.811,-29.884
1.492,-19.015,0.348,103.638,-71.732
-7.548,-20.703,-70.649,-60.771,-3.89
29.856,-1.532,18.743,-22.74,-38.336
-26.37,-32.912,-24.776,-4.696,-45.114
-24.346,5.807,-13.434,132.371,124.707
45.695,-13.775,-48.197,22.212,33.534
-54.902,7.617,-45.758,-89.176,51.817
-4.946,-26.454,-7.202,-69.679,-1.379
26.08,-1.047,265.777,53.723,-10.845
-29.102,47.581,-57.464,-10.152,-72.709
-1.137,-10.043,-20.445,-77.973,-78.941
-7.695,22.187,-19.811,-56.118,-23.747
10.718,-22.809,-52.721,100.786,-71.492
-22.903,-16.887,-41.077,-37.61,-73.698
78.075,78.383,-11.983,1.348,276.834
-24.813,-24.685,-66.082,-62.538,277.501
37.542,-0.658,-32.599,90.592,171.428
8.799,-4.228,-52.344,-47.944,-50.285
1.348,-17.172,176.142,13.792,-30.395
3.294,-27.9,-51.511,-71.283,60.051
9.14,-18.704,-21.891,164.968,-58.068
13.962,29.319,582.525,424.869,38.993
11.614,-50.872,-102.305,206.104,-39.135
13.997,162.746,-78.086,121.444,6.605
36.587,2.476,249.145,-124.826,23.068
-0.692,-39.561,-70.703,-84.566,14.336
-0.658,-57.903,-69.68,-21.779,-14.059
13.142,-9.235,494.78,-41.712,28.902
-22.83,79.775,-95.178,-28.287,-103.841
-20.262,-3.044,-94.974,-54.126,-84.511
-34.341,-25.289,-42.317,73.702,-13.729
-26.283,-76.931,-101.833,-39.65,-114.643
-10.604,-29.181,-57.517,53.618,-63.828
-5.527,-1.169,-32.496,-46.223,1.322
32.459,-5.665,-73.67,-9.647,62.816
-4.938,-22.12,-47.236,-36.787,-98.726
-6.983,-9.003,-17.2,-18.004,-19.65
-16.341,5.633,-81.112,-69.275,-60.62
-22.732,17.169,-6.545,-49.714,431.852
1.317,-46.043,15.998,-31.475,134.256
149.189,-5.554,-21.781,78.784,-131.503
2.661,6.011,-39.495,-77.383,-65.746
-47.489,4.931,-31.546,-20.549,8.975
30.988,-48.115,-62.391,98.088,-49.254
10.488,-11.807,-3.899,27.695,-33.524
-6.958,-22.029,-3.191,38.692,-48.464
22.736,-21.525,-36.162,-51.919,-43.494
2.008,-20.006,-18.219,154.359,3.431
-16.924,-32.739,238.742,-94.674,-31.975
5.745,-2.169,-44.095,4.815,243.745
-21.223,0.099,-5.461,-32.945,104.631
-14.62,-13.198,304.521,-75.084,-48.121
-11.658,20.444,-19.216,-45.975,-111.575
-5.499,26.536,-53.38,-33.094,77.043
13.723,-15.822,1.581,8.716,19.312
-2.437,-6.503,-70.979,-20.437,-83.667
5.571,-7.468,-36.916,-12.51,25.617
-6.151,-2.789,-42.766,-12.838,-20.487
-5.695,64.543,-71.318,-23.423,-50.364
0.726,-0.671,150.309,-31.678,287.747
-6.145,13.514,506.844,87.314,-74.268
-5.785,-24.943,-119.581,35.532,32.917
-15.914,-40.097,-62.44,-54.842,-15.114
6.959,15.788,-41.303,-58.969,-65.877
10.108,31.36,-5.962,-95.766,-31.781
23.298,-11.684,-3.684,-56.773,-1.46
-27.153,-17.906,73.527,-79.467,-25.183
12.123,14.641,-60.713,-30.085,-58.351
43.481,-35.691,-79.801,194.106,24.684
-28.689,-27.497,-43.827,33.472,-40.211
-25.619,13.42,-40.698,-4.246,15.962
-5.815,25.403,-86.649,-70.056,-30.643
-18.477,17.898,-49.832,351.289,-65.107
2.787,9.301,-92.909,-106.428,-14.134
2.679,155.789,-43.437,-45.013,179.623
-14.982,41.091,-120.747,-44.558,-8.583
7.276,-14.608,-25.014,51.352,278.615
-28.143,-55.896,-24.744,8.435,97.701
-33.91,-15.772,2.962,2.512,160.844
26.963,-2.674,-4.358,-110.75,91.577
-2.046,-7.065,-10.265,-60.491,15.779
-18.155,-24.037,93.896,-64.783,4.923
-16.732,-31.832,32.777,31.266,-73.65
4.123,14.615,-63.64,-17.02,-21.361
-17.846,-17.272,506.604,92.577,167.273
-17.169,100.343,-37.452,65.122,166.905
-11.868,-22.24,-44.676,39.133,18.89
-12.469,14.161,126.218,-2.778,-40.141
29.674,20.577,13.73,-20.573,-106.012
0.318,-51.811,49.358,-34.672,-9.01
-27.772,-9.438,-42.01,-10.591,-56.689
19.237,-13.319,35.336,125.067,-41.23
3.096,-57.924,9.235,-10.341,-43.265
34.675,26.904,8.51,-46.324,-12.85
-22.604,19.4,5.406,-7.758,-40.264
-15.417,33.426,51.126,-57.706,53.289
8.182,-26.852,-13.424,-57.328,-44.755
-13.923,-47.709,-27.805,91.012,5.463
-13.811,32.274,65.599,-107.352,-44.48
7.169,-20.962,-4.644,61.011,-40.186
26.691,-22.364,-110.235,-39.604,-63.937
-19.882,-41.727,-51.106,102.843,-18.831
-3.031,-2.223,-14.947,133.632,-29.52
23.44,-59.646,-51.243,133.85,48.521
-26.706,-13.247,-113.007,-118.113,-39.481
4.042,-27.374,-41.4,-21.596,-60.803
-20.602,6.82,275.722,-76.583,-46.671
7.927,-30.857,-74.266,53.131,-12.457
-19.673,0.05,-47.15,-63.83,-53.289
-5.364,-18.99,-46.628,33.817,-63.388
33.252,-22.423,41.127,-26.141,-69.729
-20.318,-30.973,-30.197,-12.226,298.099
7.033,9.039,101.47,6.009,-62.301
19.299,-52.763,-17.116,30.654,312.115
-40.936,-1.113,-22.926,87.343,327.354
27.032,-51.936,-62.008,-27.702,80.24
33.98,-27.333,-63.268,100.728,-89.503
-5.069,-16.554,-18.981,-47.694,-81.169
-15.349,14.611,-19.268,-3.939,-53.569
35.442,-19.484,54.787,-13.084,9.817
4.944,-46.495,-107.383,73.187,-4.701
106.33,8.984,-33.519,-27.509,9.434
-24.931,-43.799,-49.862,-38.777,-77.066
34.309,-7.039,-59.015,50.566,326.584
-1.996,-1.949,62.956,88.366,75.803
-33.107,36.743,-68.557,-27.517,-0.028
-35.045,16.848,-95.625,-9.18,-50
-3.406,11.872,113.793,75.006,139.608
16.92,-15.67,-26.75,163.464,16.685
7.375,99.893,-42.722,-73.695,-51.794
17.694,4.905,-45.725,189.562,148.941
-17.394,-24.965,-52.044,-31.793,80.023
35.585,-21.603,-71.521,-91.629,-55.684
-0.236,-5.318,-48.997,0.799,-43.681
21.59,19.364,20.827,-48.571,-39.203
61.887,-0.994,-54.162,-8.917,-36.508
11.062,-25.904,15.296,-50.909,-25.051
2.91,-37.47,-97.265,-1.421,18.954
-0.002,-11.534,289.772,-37.224,-36.698
14.516,-35.732,-72.815,-56.522,-43.851
10.252,-11.26,-56.81,-4.832,-36.498
-14.159,63.969,2.332,-60.088,-78.684
5.232,-34.306,-100.933,56.429,-87.811
-15.355,-40.115,34.173,-50.555,-42.198
-18.816,28.438,-121.189,-1.151,-67.541
52.316,40.189,-53.343,-29.83,-43.367
-16.875,18.489,-41.893,-69.247,81.512
98.975,-23.341,-15.41,-29.934,231.65
0.472,-3.341,-55.148,-54.253,94.02
-30.58,-49.738,-79.692,-70.904,48.286
9.72,-2.24,209.136,-16.088,92.882
-3.616,-37.78,-32.876,-61.692,-35.156
-5.298,-12.665,-76.418,29.309,-4.149
-8.588,6.525,-32.4,-7.739,-16.239
13.169,-24.877,34.508,9.019,-117.158